{"stat.flyOneCm":61466,"stat.walkOneCm":54327,"stat.drop":1,"stat.pickup.minecraft.wheat_seeds":1,"stat.jump":46,"stat.playOneMinute":37663,"stat.pickup.minecraft.sign":2,"stat.pickup.minecraft.stone_button":1,"stat.pickup.minecraft.stick":1,"stat.leaveGame":2,"stat.sneakTime":2465,"stat.crouchOneCm":10727,"stat.drop.minecraft.dirt":1,"stat.timeSinceDeath":37663,"stat.pickup.minecraft.dirt":1,"stat.useItem.minecraft.stone_button":1,"stat.sprintOneCm":8888,"stat.useItem.minecraft.sign":1,"stat.useItem.minecraft.stone_slab2":722}