{"stat.walkOneCm":72576,"stat.pickup.minecraft.sign":1,"stat.leaveGame":3,"stat.pickup.minecraft.cobblestone":14,"stat.aviateOneCm":235,"stat.flyOneCm":34716,"stat.drop":1,"stat.jump":63,"stat.playOneMinute":26611,"stat.pickup.minecraft.stone_button":16,"stat.pickup.minecraft.tnt":1,"stat.sneakTime":894,"stat.crouchOneCm":817,"stat.timeSinceDeath":26611,"stat.pickup.minecraft.dirt":31,"stat.useItem.minecraft.dirt":108,"stat.sprintOneCm":3733,"stat.useItem.minecraft.sign":1,"stat.useItem.minecraft.stone_slab2":275,"stat.drop.minecraft.grass":1}