{
  "minecraft:recipes/redstone/stone_button": {
    "criteria": {
      "has_stone": "2023-12-05 15:45:42 +1000"
    },
    "done": true
  },
  "zombiesurvival:root": {
    "criteria": {
      "N.A": "2023-12-05 15:45:42 +1000"
    },
    "done": true
  },
  "minecraft:recipes/building_blocks/stonebrick": {
    "criteria": {
      "has_stone": "2023-12-05 15:45:42 +1000"
    },
    "done": true
  },
  "minecraft:recipes/building_blocks/stone_slab": {
    "criteria": {
      "has_stone": "2023-12-05 15:45:42 +1000"
    },
    "done": true
  },
  "minecraft:recipes/redstone/stone_pressure_plate": {
    "criteria": {
      "has_stone": "2023-12-05 15:45:42 +1000"
    },
    "done": true
  },
  "minecraft:adventure/adventuring_time": {
    "criteria": {
      "plains": "2023-12-05 15:45:42 +1000"
    },
    "done": false
  }
}