{
  "minecraft:recipes/building_blocks/oak_planks": {
    "criteria": {
      "has_log": "2023-12-05 17:07:16 +1000"
    },
    "done": true
  },
  "zombiesurvival:root": {
    "criteria": {
      "N.A": "2023-12-05 17:07:17 +1000"
    },
    "done": true
  },
  "minecraft:recipes/decorations/chest": {
    "criteria": {
      "has_lots_of_items": "2023-12-05 17:08:59 +1000"
    },
    "done": true
  },
  "minecraft:recipes/redstone/redstone_lamp": {
    "criteria": {
      "has_glowstone": "2023-12-05 17:21:34 +1000"
    },
    "done": true
  },
  "minecraft:adventure/adventuring_time": {
    "criteria": {
      "plains": "2023-12-05 17:07:17 +1000"
    },
    "done": false
  }
}